{
    "release": {
        "id": "acs2020_5yr",
        "years": "2016-2020",
        "name": "ACS 2020 5-year"
    },
    "tables": {
        "B27001": {
            "title": "Health Insurance Coverage Status by Sex by Age",
            "universe": "Civilian Noninstitutionalized Population",
            "denominator_column_id": "B27001001",
            "columns": {
                "B27001001": {
                    "name": "Total:",
                    "indent": 0
                },
                "B27001002": {
                    "name": "Male:",
                    "indent": 1
                },
                "B27001003": {
                    "name": "Under 6 years:",
                    "indent": 2
                },
                "B27001004": {
                    "name": "With health insurance coverage",
                    "indent": 3
                },
                "B27001005": {
                    "name": "No health insurance coverage",
                    "indent": 3
                },
                "B27001006": {
                    "name": "6 to 18 years:",
                    "indent": 2
                },
                "B27001007": {
                    "name": "With health insurance coverage",
                    "indent": 3
                },
                "B27001008": {
                    "name": "No health insurance coverage",
                    "indent": 3
                },
                "B27001009": {
                    "name": "19 to 25 years:",
                    "indent": 2
                },
                "B27001010": {
                    "name": "With health insurance coverage",
                    "indent": 3
                },
                "B27001011": {
                    "name": "No health insurance coverage",
                    "indent": 3
                },
                "B27001012": {
                    "name": "26 to 34 years:",
                    "indent": 2
                },
                "B27001013": {
                    "name": "With health insurance coverage",
                    "indent": 3
                },
                "B27001014": {
                    "name": "No health insurance coverage",
                    "indent": 3
                },
                "B27001015": {
                    "name": "35 to 44 years:",
                    "indent": 2
                },
                "B27001016": {
                    "name": "With health insurance coverage",
                    "indent": 3
                },
                "B27001017": {
                    "name": "No health insurance coverage",
                    "indent": 3
                },
                "B27001018": {
                    "name": "45 to 54 years:",
                    "indent": 2
                },
                "B27001019": {
                    "name": "With health insurance coverage",
                    "indent": 3
                },
                "B27001020": {
                    "name": "No health insurance coverage",
                    "indent": 3
                },
                "B27001021": {
                    "name": "55 to 64 years:",
                    "indent": 2
                },
                "B27001022": {
                    "name": "With health insurance coverage",
                    "indent": 3
                },
                "B27001023": {
                    "name": "No health insurance coverage",
                    "indent": 3
                },
                "B27001024": {
                    "name": "65 to 74 years:",
                    "indent": 2
                },
                "B27001025": {
                    "name": "With health insurance coverage",
                    "indent": 3
                },
                "B27001026": {
                    "name": "No health insurance coverage",
                    "indent": 3
                },
                "B27001027": {
                    "name": "75 years and over:",
                    "indent": 2
                },
                "B27001028": {
                    "name": "With health insurance coverage",
                    "indent": 3
                },
                "B27001029": {
                    "name": "No health insurance coverage",
                    "indent": 3
                },
                "B27001030": {
                    "name": "Female:",
                    "indent": 1
                },
                "B27001031": {
                    "name": "Under 6 years:",
                    "indent": 2
                },
                "B27001032": {
                    "name": "With health insurance coverage",
                    "indent": 3
                },
                "B27001033": {
                    "name": "No health insurance coverage",
                    "indent": 3
                },
                "B27001034": {
                    "name": "6 to 18 years:",
                    "indent": 2
                },
                "B27001035": {
                    "name": "With health insurance coverage",
                    "indent": 3
                },
                "B27001036": {
                    "name": "No health insurance coverage",
                    "indent": 3
                },
                "B27001037": {
                    "name": "19 to 25 years:",
                    "indent": 2
                },
                "B27001038": {
                    "name": "With health insurance coverage",
                    "indent": 3
                },
                "B27001039": {
                    "name": "No health insurance coverage",
                    "indent": 3
                },
                "B27001040": {
                    "name": "26 to 34 years:",
                    "indent": 2
                },
                "B27001041": {
                    "name": "With health insurance coverage",
                    "indent": 3
                },
                "B27001042": {
                    "name": "No health insurance coverage",
                    "indent": 3
                },
                "B27001043": {
                    "name": "35 to 44 years:",
                    "indent": 2
                },
                "B27001044": {
                    "name": "With health insurance coverage",
                    "indent": 3
                },
                "B27001045": {
                    "name": "No health insurance coverage",
                    "indent": 3
                },
                "B27001046": {
                    "name": "45 to 54 years:",
                    "indent": 2
                },
                "B27001047": {
                    "name": "With health insurance coverage",
                    "indent": 3
                },
                "B27001048": {
                    "name": "No health insurance coverage",
                    "indent": 3
                },
                "B27001049": {
                    "name": "55 to 64 years:",
                    "indent": 2
                },
                "B27001050": {
                    "name": "With health insurance coverage",
                    "indent": 3
                },
                "B27001051": {
                    "name": "No health insurance coverage",
                    "indent": 3
                },
                "B27001052": {
                    "name": "65 to 74 years:",
                    "indent": 2
                },
                "B27001053": {
                    "name": "With health insurance coverage",
                    "indent": 3
                },
                "B27001054": {
                    "name": "No health insurance coverage",
                    "indent": 3
                },
                "B27001055": {
                    "name": "75 years and over:",
                    "indent": 2
                },
                "B27001056": {
                    "name": "With health insurance coverage",
                    "indent": 3
                },
                "B27001057": {
                    "name": "No health insurance coverage",
                    "indent": 3
                }
            }
        }
    }
}