GEOID,Miles to the nearest clinic
21007,119.15065124121786
21017,21.466834512589895
21031,72.30217682150663
21065,37.37492424742291
21069,51.3200214118898
21093,39.20710352755586
21099,65.44488807063087
21131,73.06547707810536
21151,23.847860907675283
21155,51.66425423491104
21179,34.356261935380154
17091,28.318956763838013
17187,25.91944889330046
17197,15.666330275972244
18027,42.95096020049973
18061,19.201423995668968
01001,22.810498160711425
01005,50.391919365943224
01023,92.89284854784454
01035,66.23620904119281
01051,16.177902393656723
01055,57.58885527449393
01065,32.002339435107594
01089,4.932219256141715
01113,19.7077858869864
01117,17.81210221323169
02130,231.96986737534195
02180,461.8396084810594
02282,221.90113042676325
05011,88.74624056656097
05015,35.87906973801719
05019,65.37907764264575
05025,59.182107973877976
05063,83.02556266953215
05067,74.38117611686626
05121,100.09698329497172
06001,1.882791538812602
06003,54.30521557527628
06005,36.45123162390403
06013,6.31887569408343
06019,7.643374565356854
06023,14.78949654203344
06033,11.348849193975571
06037,13.463304269072394
06047,16.072020407986603
06057,15.013552673769452
06081,7.182990947227466
06085,9.208928250961694
06115,17.20315078978524
08013,6.109938128342375
08029,40.62107802158567
08049,38.432301768796705
08077,6.9894295057537255
08083,0.9983513171384096
08091,62.94007767893843
09009,6.293930496622124
11001,0.8579227364269979
12009,36.21732867781709
12023,41.58555176335409
12039,18.777072238975816
12055,52.85848976080964
12065,20.516850412343963
12073,2.3639093132116047
12095,3.6185386818853575
12107,35.90030337667635
12123,47.32155256982172
12127,12.965114490578753
12131,63.971984217959985
12133,80.05565647714324
13009,71.4959344187464
13027,47.31165476123252
13103,25.57162693564366
13121,4.238328794023762
13141,54.33006006464948
13149,42.96867453427394
13179,27.084635719390235
13183,42.55639075355463
13189,22.187477034821715
13209,84.63064680235489
13229,80.24039718051093
13267,56.361369064301776
13271,108.3790141101039
13291,57.27258360289844
13305,58.30597898080853
13319,78.12554699993865
15007,118.92415099382237
16015,34.78595499902889
16023,103.81044988116015
16025,64.80146412867377
16027,17.22607972249436
16037,104.7414956663649
16039,40.46739214480665
16043,62.82960484416317
16061,48.818664590963145
16063,35.03571116670573
16085,84.16345129621828
19175,6.8354017680420505
20053,84.59592716781832
20095,46.26467592385222
20135,152.0400698931265
20199,166.26955994072742
48011,214.75244069484975
48025,48.432121784470354
48035,36.51981431519496
48053,32.911894562908
48055,27.825724261457943
48083,112.81407000782464
29057,91.8193687058998
29143,99.94205245346346
29157,62.18634709661077
29189,10.403889321561484
29199,60.06852614520992
29207,117.15074250845429
30015,47.72667804891292
30023,61.11010798974798
30029,15.168566353767067
30039,41.521976040814955
30057,70.306511576359
30071,165.48057871643505
30077,45.2460694874448
30085,236.4223518752178
30087,89.03547848040462
30105,195.23270164369367
31091,214.05130780561055
53065,54.14943365961808
21189,61.24309836466189
21195,61.21265907892967
21217,62.582213835385275
21237,59.11671413825169
21239,12.424882685398153
22001,76.09658708797153
22009,66.76940319608374
22011,61.30856605450803
22029,74.87357384765981
22031,29.37878323089014
22033,6.5314975441108105
22047,17.466421195684095
22071,13.763753554098496
22081,35.35463834845626
22099,37.5178758428835
22119,25.151526100968585
23013,6.970983502370997
23015,2.3990948747727736
24003,5.564440573277166
18103,48.45697590039652
18129,106.778899471539
18147,69.59145388542565
19001,20.348681920257967
19045,24.08373772435674
19083,32.71210069040252
19111,22.84104779666951
31167,58.17553538938921
34003,2.5594793149728474
34007,4.141664031579915
34013,2.0635128625576673
34023,1.8519024151875365
34041,6.860882072257346
35007,90.019805948036
35011,126.29137355937624
35051,61.949363649535584
36013,51.96802535318398
36029,5.623666096432652
36043,26.661738627379144
36045,5.241186883517415
36047,1.071328214087052
36053,23.101306088596075
36065,13.984095900814047
36077,28.31590993948305
36081,0.713736864639998
36091,3.6462099094591616
36115,9.7490513883352925
37007,42.5164606241023
37027,57.950722500084105
37039,56.96635017708292
37049,78.97452768196482
37055,74.21593205194198
37059,17.51726100238638
37069,26.178362816807823
37083,62.410706304452894
37091,53.78942637193995
37093,16.348062815001917
37099,38.81049313229648
37111,28.764061148371347
37117,85.06120604439032
37127,37.55325287351986
37165,33.86313159771704
37175,29.525883982252907
37199,24.64675807075567
38017,22.196282245422054
38037,233.71553136184872
38085,209.65129666295192
38099,111.97847532570532
39035,5.0531672293313346
39039,45.108717555401626
39043,52.660316940929945
39125,35.98790695956576
40065,117.92791508159732
48103,234.769961730996
48141,14.254409042871908
48151,170.9404550774489
48161,63.59052017127155
48167,28.4674686830472
48199,22.78297056689369
48213,66.9545092446924
48229,67.83898350606492
48241,45.90312883773305
48245,13.910240318934532
48261,52.66867756963168
48289,49.23850773691859
48317,262.995100085861
48333,58.96391657999302
48347,78.96752515267313
48361,14.817063242643789
48371,232.30563262062736
48395,28.52833763426672
48423,90.00555458880484
48427,40.069094680017734
48457,49.38911395155474
48471,45.729671930093275
48475,199.70650638364356
48477,29.8393833170086
48499,80.05883581896079
49001,176.50242051875114
49003,81.88886401831243
49011,20.087791899383443
40073,33.361508600939665
40079,90.19667773225606
40145,24.126003908243643
41005,23.857543030777546
41021,75.96249926817205
41033,13.419885679550053
41035,63.436223084508526
41039,12.128437775349662
41043,36.4668030990845
41051,3.2216159930365604
41055,82.39640601948228
41061,53.89965166476755
42005,34.216913324003336
42029,7.426596773528163
42035,69.88638393034901
42059,42.23703030354578
42067,31.16069060235736
42091,6.260884997933399
42111,58.27786938078478
45005,49.16964416502041
45019,3.7103011582248784
45025,52.7444103325209
45043,58.49069339886174
45063,17.305011869209576
45077,18.10304065679405
45091,20.139463782539504
46073,98.768042127598
46093,294.8816675892828
46095,198.51140279321172
46123,155.21773796982444
47001,17.98328301599276
47003,42.07024500794176
47005,71.18547234595412
47019,21.309984651557706
47029,39.059961048004006
47049,62.353078144332095
47063,38.5966717553372
47073,41.68032895170762
47081,44.96914751545976
47097,43.96459157257365
47121,57.38225678671533
47149,23.05947192237908
47173,20.825617570638627
48007,42.422706543636394
25001,52.703321864686366
25013,1.2224513835486903
25025,0.09142960850725323
26033,68.62063572114963
26053,110.17743893894864
26063,54.29651773244441
26097,50.84100390899555
26115,16.37487961721384
13283,79.4878687536122
13289,85.49994837103321
13313,63.296228679645374
13317,42.425072391203955
15001,30.7169495120383
15009,10.583175159405108
16059,133.12128545568416
16073,71.15899584138954
16083,17.176505573703967
16087,61.18531176906834
17027,30.314457646686343
17031,3.5567797286531486
17047,96.78127660220184
49029,26.996413019157924
49035,3.081949521572849
49043,48.08693311163963
49049,40.304705968254765
51015,35.127741541386406
51037,68.40857985977017
51051,37.46773515841545
51053,32.64832130529672
51069,41.77649286124666
51073,25.4025576056221
51085,11.497376362124054
51099,37.0714700798837
51125,29.40083569498381
51131,36.48200770195224
51137,28.43959662140394
51145,19.39943663437373
51149,27.864782713391772
51161,3.72026915719525
51177,40.270089427802766
51185,51.77729462508776
51199,14.237068043206444
53005,14.016317043649694
53007,34.705660926335234
53009,23.295290489396393
53015,38.747541935804456
53025,42.88955965608531
53031,26.105270841118497
53037,26.281141456668394
53043,47.69562847531582
12077,35.78063312080724
05061,101.84218796568176
05093,42.753961975451745
05095,67.65288854137498
05099,81.36858973422635
05103,83.90859829568554
05109,82.37182880540011
05117,48.01367744350581
05133,105.4966424664048
05147,69.26106668508085
06045,21.972039366215363
06051,90.9817187019388
24011,14.855678922512547
24033,1.7940545014423976
24043,5.5354302259620125
25007,48.72174813015095
25017,12.389171996497437
26041,49.18391878545254
26099,6.353260469328919
26103,14.534727369147523
26135,62.566169084660075
26147,26.937863893284455
26163,6.009653146691262
27023,108.5097496279983
27053,7.227392508906956
27077,157.4530314337515
27091,102.66306297821116
27129,81.60935329217929
27139,18.588075664294696
27163,15.884270453872409
28007,62.33232163968928
28033,18.205380125556324
28055,55.08996992029817
28075,86.54094264790007
28143,39.111398032680746
28157,50.29248028627195
28163,33.2833122567074
29023,110.5353892497894
29029,68.47122604440679
29031,85.43503240170763
29033,64.13391949141175
17075,48.80152751045301
17129,16.2969564234321
17161,6.859122111611953
17175,23.64527587845726
17185,86.2383448009007
18009,61.60138876850968
18035,46.77897803383722
18067,38.11551956266925
18083,57.71342476418195
18159,29.426429206536003
18175,30.53411611259948
49025,145.7991621119142
05003,109.87825691815934
05007,17.04344424675996
05013,81.72518427205046
05045,27.83909722486257
13051,2.61613737354989
13077,23.341606032669127
13123,44.55426126188176
13133,56.08991483489336
13137,53.794657381070216
13139,26.851781027043067
13143,41.08224140244143
13157,28.67058156392279
13171,39.898829166383386
13181,29.370514064969125
13185,63.36335489639056
13195,48.04829922286214
13213,55.9832903046927
13217,23.879016418827103
13237,55.79247885396551
13245,8.893764748930424
13251,54.40561916239141
13269,41.49233014616496
13279,72.476307435731
23023,18.71505034138648
23031,25.6977091622843
24001,51.94426580208467
24005,5.891932709800844
24017,21.219125523841583
24021,2.116380614426465
24031,1.584654099665834
24045,2.567274844641408
28149,39.53104711204772
28151,79.31059205047747
29041,51.023943030241405
29069,77.75542185990905
29087,64.3008840163621
29113,48.02985414500684
29159,53.7264263081677
29183,24.995785291685756
29195,48.24038666164139
29197,77.98712040638316
29201,109.07409491355838
30001,109.30882432828514
30013,13.712258522434842
30027,98.40460754124778
30031,30.434483086783818
30045,57.66736329163188
30049,39.22483880383107
30055,179.23290442031154
30059,55.81423166660508
30069,89.84491925813684
30073,66.29334395700582
30083,230.25853925533943
30099,49.935289331262446
31103,153.1344753562705
31151,30.196959717330568
32001,77.2490679965188
32003,6.463914303019246
32015,149.2723945094451
33007,38.43784306465507
33015,13.651978664721383
33017,20.42849204886291
34001,8.145097244557629
34005,17.401230519835813
34015,12.434922336847452
34019,5.492187530778202
34021,4.36883528710066
34025,5.097357379186143
34029,6.343521689523274
34035,9.210248597661248
21229,39.85761642471359
21231,76.25661481741433
22035,67.59073461297122
22045,46.42038594043308
22053,80.20813878642261
22055,56.986781595659025
06055,14.154452610336143
06059,5.9076963010526615
06069,24.82300510705571
06073,18.697781985187525
06079,16.40658453830849
06083,28.10438746476517
06097,10.56865919067049
06101,7.45548314361451
06107,59.0926347636232
06113,5.927492628463482
08019,15.904240696343807
08023,27.76692140264962
08031,1.6208642143416383
08037,9.28921889468909
08055,52.676787849769624
01049,51.71184895524517
01063,35.1338554465708
01087,29.889636442406843
01091,68.64760048358991
01095,32.875716776994885
01101,10.07295707914507
01107,32.54080938484179
01115,31.616130251217992
01119,58.15150542684274
01131,64.16429184544054
02090,35.217528673623235
02158,417.71088022290127
02240,151.73614339744
04005,45.91770926538619
04009,74.69391772830275
04013,25.21390024029246
54001,90.3820591583365
54005,21.615576532700818
54021,57.17508346015384
54039,3.005044218725049
54045,38.80781772627011
54047,62.582803699688135
54063,34.49509041253241
54067,42.375909885870136
54087,28.9396803633707
54107,58.84909565077348
55003,76.53474580584388
55043,24.903926325214083
55113,77.56750924886637
56029,92.06884261893592
12086,12.145306945073177
12093,34.23685007134683
12097,22.8770624164716
13021,68.42842948916599
13029,20.360642186766995
39137,19.62791042180255
39175,42.695933782841976
40013,78.88424939214737
40027,8.61311423560972
40057,137.18271804401704
40067,78.17203713301829
40075,87.45923768658005
40095,77.85920009967407
40125,30.002671547504153
40135,55.87205294667909
40143,1.9324543945248416
27011,101.81145242530216
27013,68.37794449969803
27031,106.37616672236445
27061,87.77922360901633
27073,106.96165429826604
27075,66.46329510198541
27089,104.17652293225282
27097,77.58810283163821
27127,98.83529452717242
27161,55.13757769633247
27171,30.40884600974507
28001,72.55833407266637
28011,104.75632448873397
28029,35.815361537757575
28043,94.9540670247755
28083,84.1041685809559
28087,55.553104729746224
28103,60.649205303243704
28121,14.359615443747815
35015,136.2547001502343
35039,71.55611609753214
35045,56.554706390802096
35055,62.34990956859916
36025,40.06953854244287
36031,22.8470776712185
36103,11.188500937914382
36105,5.839567314295647
36119,8.57422406727371
36123,19.5276820276979
37009,41.490260807870406
37013,100.03086750621118
37017,33.90896319257824
37023,48.6801752105148
37037,17.95711024440452
37043,62.88094869730307
37053,30.527607126323787
37057,16.274748217750936
37065,58.48446718264589
37075,42.18341263766247
37085,20.54615604448269
37089,17.3526934482061
37095,90.49063364966574
37103,64.80895198202847
37115,19.71130853486936
37123,44.02299661497656
28141,91.18862977929388
42099,20.37851153776263
42103,23.96734885349109
42127,31.756889672730697
42133,2.2465003598517463
48411,65.16049299935511
48429,79.74719548035532
48449,86.90819698623612
48453,6.209891715881754
48455,75.98327512808639
48467,58.01571619224672
48473,32.5397050616139
48479,117.68300983652476
49033,67.93574811481118
49045,68.31380243494664
49047,87.8734527801236
49051,43.65016608504997
50017,14.36286856707284
50027,14.19271074635447
51007,29.093655942375296
51017,53.56777709040093
51019,23.398936685534665
51023,20.04397403709136
51033,31.497399401812704
51036,26.144155549260073
51041,12.162079115414272
51057,39.652982790321
51067,19.009194404848177
51083,50.223833557885904
51091,61.671977807381886
51095,25.80855041814988
51107,20.397485137439464
51111,58.22222048721836
51127,26.723429086373084
51133,54.03644957359206
51143,42.90915647467213
51159,49.49350984927407
51165,36.19275863081406
51175,42.42700751303178
51179,23.789552485673667
51187,40.56905096776676
53047,82.94297509610554
53049,36.87527866921885
53053,16.16398641319811
53061,22.251936858116512
53071,13.843962635693853
53073,35.10200025303566
54013,43.668166317353666
54017,80.30702683183897
54019,33.637135613523824
54023,80.21802114984936
54027,52.645796239846874
54033,82.4226738384435
54037,24.3614064586423
54043,26.64530015406737
54065,29.049444209813498
54071,62.29679044689313
54081,41.78857640836254
54093,91.8646630613012
54095,82.01297841295636
37133,45.80029429173853
37137,93.34417704714824
37149,30.01933433847428
37153,45.01201038356389
37161,37.78419723441323
37163,29.74290579298101
37177,70.93126100148393
38005,146.2281883096438
38033,234.798571730962
38053,275.37373621233985
38059,213.48300649524592
38067,135.38492200915601
38071,131.98187206616515
22067,100.54522680099296
22069,64.26270066684008
22079,97.25705730129992
22097,52.11658028229444
22107,71.93860154618716
22113,81.42457021472909
22117,58.722249536177415
22123,80.98105815066003
23007,25.512321360720833
08065,25.627846776324404
08071,101.7033391330034
08093,41.67329684681929
08105,28.99962281307766
08113,46.166637036915624
09001,8.627940985627639
09007,14.569423293938296
09011,4.60413105284269
10005,25.21588084976634
12033,14.76203061213912
12037,47.74128072301733
12041,28.12302724456548
12047,67.46209354618613
12053,32.114643393768205
12071,2.7400827255530116
19009,48.30541878226506
19027,62.24458423033676
19075,19.998749771175778
19113,4.944217829812873
19147,90.0392453447956
19195,59.72799143433108
20069,171.3792508857027
20143,100.9446307384063
20181,164.982082407725
21005,25.699415303713433
21025,73.56821806386095
21029,19.253718143545136
21033,90.24468040704664
21043,76.48778541659601
21049,20.501789285564488
21063,77.93776555349764
21071,72.57887475231931
21085,62.6393167963321
21097,31.647914432631698
21109,49.38385581413209
21119,66.38931958728999
21125,65.69437362882663
21135,71.84229752988875
21139,112.64833886567168
21153,82.24060582693845
21159,61.28855482653696
21167,23.645246791200783
21181,35.58761752289182
21183,79.42865077359772
21193,71.38155198335919
21197,39.95037072921249
21205,61.289652742629904
54109,48.90386421953473
55023,51.6603704792274
55037,68.51756222486202
55051,95.67517755132822
55069,96.180076565187
55075,60.80162345432655
55111,37.143053887532645
41007,54.19532825889415
41017,11.563407207512268
41019,53.18558006644203
41065,65.74655646595994
42003,1.9373400687441025
42027,64.93982653698511
42033,84.75242331724415
42041,20.932567903660377
42045,4.478007020845693
42051,40.22649420201022
42061,55.04211859896696
42071,26.07442081545091
42089,26.348945623619898
42095,5.890519582563243
51063,32.51373902310935
51087,4.2195922686876
53077,13.898080612756011
45027,51.27652150770105
45047,45.13826421962879
01043,42.739526815454305
45029,39.11812307149041
45071,39.074635294236664
46067,49.243004546714374
01033,66.6018040043859
02050,281.5527498695245
04007,69.47792011103873
05039,55.19802743929006
06039,24.639824362636393
08043,42.614804333015265
12013,51.54077207292198
12069,20.77738130734691
12129,19.98742991172097
13219,34.90523123647565
16035,72.40929800422028
16069,33.755286445471036
17153,105.87389468230128
18071,32.06339847077601
19087,25.848537896431324
21003,44.17741159273252
21051,73.3151103331556
21165,50.50280602118274
46085,154.4996231536599
47057,29.32243822429553
02195,93.8812927466412
06009,42.60327033132592
08097,4.6140517710045525
13007,60.575487692576075
21055,109.3295890040817
22017,10.58014454719587
22115,90.55106058727182
26137,29.811906392360022
29019,2.4967637991207514
30005,125.88115832279526
37029,31.973850514545813
40089,125.16024793473484
41023,113.013960708389
46117,205.4492540514171
47091,22.572627940068624
39047,37.62482668044851
39061,5.137526764607836
39095,6.218031343251699
45055,32.499489525274335
45059,32.58559387601366
45069,52.51237864172553
45073,36.852885698596594
45083,25.876951413843635
45089,58.816521978576795
46009,65.38097244443689
06043,36.105769161520485
06095,6.347466774677387
08035,14.474001628027112
10003,12.668619578033706
12079,45.854542088189454
12113,19.035148480461288
13001,72.62663561680685
13079,58.6431884408922
13135,0.30815302616498924
13311,49.48226167610896
47107,52.45448058632554
47117,42.35920045233157
47123,39.234067689690534
47143,59.7972125124181
47151,45.0465480921395
47155,25.247174247156547
47157,1.9926784380233955
47165,21.06942918243221
47167,25.044021416027817
47185,61.67130532884737
47189,12.260131531177104
48001,90.0960906847232
48005,85.39843171358697
48029,1.332929542114092
48037,75.33123643896373
48043,234.48132853122485
48051,20.118947781876297
48057,70.44907872118905
48067,52.61959985765928
48091,26.42535874521988
48109,117.6731447649524
48119,71.18596286713526
48173,230.7616147139728
48187,31.590791826936865
48205,189.07483120947293
48215,14.198108638466762
48225,71.23422564801433
48263,194.72356042760836
48273,31.60810702842597
48287,44.1904885279994
48301,170.52991768904988
48311,71.00070292024358
48315,41.92242688069062
48339,19.6922744150972
48343,71.7103879338758
48349,47.75029616953088
48373,63.91799916544141
48377,180.358638281693
48383,217.11616022510083
48405,79.15485694279423
48407,42.048361038328
46041,229.6562389436636
46071,242.12752609927824
46075,196.73876127758604
46079,38.54760615083935
46127,28.966234992527983
47013,31.82931149048764
47021,17.477288809622475
47031,52.83038562956808
47035,58.86037640999105
47037,1.1526811543496212
47041,40.39099650432956
47065,86.84108898180179
47089,25.59513281076278
56003,90.68911907151782
56013,111.19778042834832
56031,107.63698845534054
56035,64.88454806551644
01041,43.725814899732455
02100,70.14930199441578
04001,124.08546059281336
05001,65.6735110252904
05029,39.506381849034845
05057,82.89858250979805
39115,52.45029851929281
40113,44.73876912896176
41015,42.563396632653834
42049,85.81883438485623
42101,2.1641642231060523
45009,55.26896372558768
45057,31.82551824316001
45087,46.36020073010191
47025,36.67344740978195
47053,78.8027724291443
47135,69.21662367908762
47163,7.236179527437306
48089,56.77418170632432
48135,231.5316925468761
48203,37.48656501875521
48323,117.02723154984116
48351,53.7099989712734
48379,55.78140262935797
48409,17.238648691225983
48465,156.5682382745762
49007,98.06347022951412
49019,54.94712557466563
51005,32.860320109700424
51029,34.64728287822113
51089,40.199187848224696
51141,39.95821966148291
51193,48.42293225052211
53011,11.452946079011896
53045,9.031599859937158
54025,50.21686268313801
55001,62.57538816174952
08027,52.71738343879173
08051,37.57036926407965
05041,90.16580858797772
13261,54.80708910938073
18179,58.49092572635288
22111,80.47975450362479
23003,28.081769828961363
40133,48.91764367979184
35019,85.92159060062954
37105,29.786870231065752
37125,33.571994241635316
19035,41.011627978107285
20033,113.29620006371742
20149,93.44583095105304
21027,48.70461355166219
21147,61.059299828574225
21175,69.11673611811854
22005,19.998993610978193
22015,11.77254252107874
22025,93.77046843951804
22037,27.85339979259437
22091,34.89653329537208
22109,58.23808143444336
24029,24.781198050974034
24047,17.193727842590434
26055,5.228938421138686
27015,82.40042730112248
27167,38.96801877530393
28051,54.58883351563148
29013,49.04020859559182
29095,16.46325487667002
30053,50.07441057885826
35033,61.92096781787138
36059,2.0760262433577257
38003,60.9783364331657
38055,219.2155838417843
40055,117.11409877498286
40117,46.35707965408302
42043,11.003273161784763
42097,40.26228297906912
45015,27.68790286335823
45067,70.3303362875963
47009,18.49288927746281
47129,41.16014070723901
48065,210.5562247418888
48157,13.649489373065316
12057,8.217449338708967
12089,24.9148289900209
13025,66.22989660931906
39167,74.49623761804571
40023,104.3550301447162
18007,28.75147901684274
18051,81.60222447257081
18123,48.93228739495006
20083,144.02301787720552
20203,191.24856924913223
21079,25.41217326426061
21123,48.28946496527684
21209,19.87702341322744
22065,62.54912239154025
22105,43.264027117964794
23025,48.02944750756218
26007,69.43895038930374
28017,94.92891582146376
48419,53.256262319908
54083,88.99411720988405
06063,54.287164246470574
48129,184.6284942314452
48313,32.708690743692905
53027,31.03299840010905
54059,50.87183437685167
05119,4.905407455784198
06093,41.51772012563008
02170,51.84339042942092
13075,67.90880530490993
25005,12.814605720690029
13303,53.94457136775182
17017,31.87790760768856
22043,91.90673083565017
22127,74.19651820124692
10001,4.8859672314307065
12075,33.95293145325117
27021,106.06886173060072
28089,22.303821293806347
29227,39.18888777367873
30043,31.400657533337274
30081,54.81622147496224
34027,5.048072211866349
36075,24.415434985664795
37021,1.3474026373477777
37107,69.23496557209884
37145,24.49481065986443
37193,49.45331404774645
40141,100.2822514887022
41031,38.96534439388812
41047,19.989552365882147
27087,55.54110442514031
27173,95.19681230299028
28109,62.38272196622045
29027,23.616124227820347
30009,44.16703422608346
30033,122.95122939748634
31033,106.45342978641396
34031,11.4539470927586
35017,100.47447848190528
36009,41.08733167915655
36061,0.444122161567645
36071,1.8601461195722977
37015,68.31958830966938
37101,26.30292933369015
37131,67.91965390174964
37159,33.042668733777205
37183,2.890160267063312
13201,54.39906822385795
13265,45.441035406553624
44009,17.285979673633197
45003,20.155317832207505
45007,23.44762943263222
45017,26.756815035340495
45035,30.6276664295146
45041,74.63136102421704
45045,6.573562001615
45051,64.461582140025385
30007,32.6880542045097
30093,56.21864117105332
37051,4.147251544827987
37139,38.54044538771599
45061,44.130385734760736
46055,242.252884786207
47045,67.53957243880642
47127,39.577236379527704
51081,59.295357826050115
51105,51.09325509178574
51195,34.48267533757709
54007,53.48118287067024
54099,45.22492821455182
42031,56.899423517817645
01009,35.016337761671295
01047,46.851336055223435
05073,49.15713509344377
06027,119.19706674817763
06053,39.51315874109561
06099,7.290389079662856
08111,37.321830579837894
12045,63.341093319527126
12105,6.960002584933438
12121,53.24847057775929
16041,97.71288787338187
16079,66.66132199152997
18021,34.961600954130276
48175,60.530402981706416
48503,77.05975548871366
51113,25.68908312303852
53033,11.805939007622786
53057,27.869467480546422
06091,24.309111644567707
18125,64.74954416442587
26003,39.17657247845197
27103,58.50784458544671
01039,69.7559000051035
01061,90.18179824494592
01075,50.522372587655866
04011,116.47476834567529
01013,47.62225793902031
01015,59.06735866000744
21235,54.759308969132654
22057,31.73777107907729
24023,73.13186797670818
26013,46.78487131211465
26071,59.31559968126497
47145,33.079314031006824
47183,102.34254003311392
48041,2.1558904962479413
48079,227.797403934994
48341,228.89002114020673
49005,66.31538580159166
49023,83.36878003974167
51103,46.97274055502998
51157,37.16150342723144
53019,75.19367382244961
53075,20.745191562339127
55011,43.33986888751705
56033,106.22526941914212
56039,32.423018295386484
05085,28.541462256077775
06089,20.23037215469476
08005,0.6616417053086938
08033,27.971867576966204
01073,5.864656445945166
01129,50.59155891687112
02290,115.5703279348891
42131,20.004586939204092
45021,42.293445687012856
27137,58.977196853739194
28021,49.74968069262926
28053,58.39058591333218
28137,33.77972139002968
30003,55.879446714163805
30035,54.867568446404114
30061,50.14980909664713
30089,62.54624733152115
31009,190.2139941256877
32033,182.15999921439945
34009,23.6146052283028
36017,36.21203283707536
37019,20.180655306702867
37047,41.845932741449936
37079,58.94781390722026
37147,72.69279821194432
37173,40.82961527210949
45065,30.54502931860438
46003,89.09342061768591
47055,38.045645510582226
47085,55.159523070486735
05145,50.98848999932087
13107,62.968944331335834
16007,87.2164437025961
47119,37.548884056706726
47147,25.581724555557702
48015,45.13494925063957
48277,86.64715633487896
48391,40.52549067910593
48469,75.0387077677478
49057,34.886837614710686
51003,5.077327977160167
51031,46.88488953405251
51059,2.2378923657335483
51121,23.010318914559345
51155,42.62248817461
53067,8.690520799395696
54031,66.8780948079182
54057,67.04418158292407
54085,64.3074370059427
55007,46.447094933977425
55057,68.06702730530863
55121,58.84723309078721
41003,11.505830824633795
42023,67.84802218124197
42055,19.55275089953033
44007,9.194507735284056
21203,45.71692418024561
05017,91.4231216502587
13215,4.863539641391268
13301,33.91320313946614
16013,63.992562866283805
16031,48.32971562798825
17125,32.14891528363177
24015,23.730695884319527
24039,16.346108408935052
17007,13.79421530475669
18053,52.02607675169998
20065,180.23247639334667
21011,43.4274396767589
21067,4.109302524963585
21101,103.43438876376428
21133,50.680526613205
22077,32.46686258695877
22103,30.1625832565214
08069,20.179859541333744
12029,49.53203714318236
27067,80.91547695485235
27119,64.54256715335804
20067,212.9937285085075
21089,70.52777778275778
26089,14.468686202254172
26141,51.307716840365174
32031,78.78733988946863
38097,43.62088701817568
47105,25.375546043255294
13309,95.50736397792296
17003,103.34411063333458
17189,35.41840804221464
19003,17.185531428583236
19163,8.972842232736872
20195,162.74228895861037
21187,39.07549099850216
22063,22.192599791084987
22101,53.85987483349125
08117,21.64104535621158
12007,21.518210205532743
13031,44.38053905319718
39123,22.54956262855428
40101,45.445985453732945
27069,131.24929807024336
27107,34.761489922127815
27145,69.17324109011844
28049,16.263374521369727
29171,78.51059825944371
30075,141.73674732546436
32011,190.07525828525496
34033,15.15616566624688
36113,17.630179003429593
37031,83.71563529384557
37113,57.31610935513554
38035,78.74621310592715
39055,17.801801246417657
46023,92.14902452862334
47093,2.259844038629641
01071,36.28448441752098
13019,82.30478174253888
48061,10.162305783362148
48185,21.78635548821017
48239,76.32853995743193
06011,26.199908884611997
16029,63.257616649719566
01021,40.97844939041756
01027,56.32782243710454
01029,60.469584961395334
04023,49.81525671701504
01093,66.42987390648882
05053,31.077611652758748
01103,24.34146738022263
01133,54.58503794368623
02070,245.6984081536094
02110,14.966861242936725
02150,229.2002487683072
02220,98.07572218373328
02261,75.83501536478785
48389,167.12278572944223
49017,160.64010156571
51093,18.38663898964569
51171,53.75726485008179
53021,25.913668143530497
53055,31.6727266594632
05069,41.7071506462478
05107,67.88895203900867
06041,11.965413511311706
06077,1.902140033900246
08001,28.92918019399492
01059,72.17068281311369
01097,8.816905487532093
48283,82.14878823159154
48401,65.43677936049163
48459,72.56331481727061
49037,69.67442720374638
51027,47.570721025883834
51101,24.269925386590508
51147,54.71078398614239
51191,17.056406207193383
54003,20.40326001691177
54041,74.64495575998417
42017,9.502960255367332
05043,88.10393772282458
05049,117.33820360476112
02020,24.61038131171765
04021,46.11030306636381
13113,11.91813927665584
13151,17.117641718258323
13191,40.87032729021572
23027,8.297836583841129
24027,11.29718523735194
05135,107.9860097404491
09005,6.94958630249879
09013,10.70720598919487
12115,14.94804623475966
05101,52.26780042837393
05105,33.36831683421523
05115,60.31128084481885
05005,100.24007663430842
05009,58.869820114087815
08021,24.884291667345263
08039,38.66514408897156
08059,6.974341959791095
01037,39.35214946441546
08073,72.251942436342
08101,52.07722828925382
08121,86.88322265799772
08125,125.56302211351
05077,49.73891614341418
01017,38.01238716923316
05129,80.76280661935212
13063,5.5549755910065635
13159,41.094121420120686
06031,46.168928912235046
06035,88.89863164120283
06075,1.258176411166805
08003,9.185420771861075
08015,45.629309894713835
13003,99.30312949873806
12035,22.854704463700457
12059,88.13387638270109
12087,43.489316152463545
12109,27.12723969477997
12111,9.56423654322075
05149,60.252848074786904
06021,31.570605755845115
06025,20.893558216089502
06061,20.609048324948812
06109,56.41236577098829
13117,16.81820413249947
13169,60.85367445405582
13197,27.38797113302327
17067,28.46167688222529
17183,27.038719843382648
13059,37.711445849384646
13069,108.23190501623456
13083,64.71535098793566
17053,33.37824878086487
13145,16.451543907701883
13023,95.43716579220924
13037,69.80189865755248
13053,14.655255434700427
17073,23.24001233839772
17097,8.618465391977256
17059,111.50430652938084
17063,22.43544702154346
13093,71.93508446817442
16051,80.82043776859203
16065,49.35861527446661
13111,55.9185296893692
13243,52.29485810124997
13257,52.67469649695644
17011,35.917289276566315
17015,45.90810768060238
18099,25.46656332457711
18101,34.52010327652093
13287,94.08057949477342
13295,69.77605661228458
15003,13.142376253853763
16009,40.97825342302726
18003,55.81650230316214
17149,65.163105840624155
17159,89.0993406851401
17107,26.989953786605643
17115,1.3324469961430203
17121,57.64813627523597
17131,27.04236331155692
17135,41.35739828568878
17145,48.84979358596086
13233,38.31870908178917
13239,43.8116542133532
18031,44.60068513513062
18037,58.12642205178599
18041,48.18680625077843
18055,24.553572701108635
18065,36.91964032754443
18075,51.62183529937557
18085,36.36696313941409
18091,24.987290719033982
18109,20.157882574658156
16019,43.01604915020171
16021,84.61121584865705
16045,29.104478030724408
17029,39.27875943997997
18181,23.830474220873647
19007,66.23266234474026
19017,18.823178802958648
19025,56.63711808793736
18095,31.817661663985316
18097,3.9576569252887257
17173,34.68810256972118
17177,30.853769420402703
16075,34.01600757564693
17005,35.55536264264984
19103,2.8407259583922566
19117,37.158584700083786
19127,33.5812512747927
19131,49.11214027879433
20105,105.1972902805862
20109,199.4225341076283
20111,81.43073564978502
20113,51.54592504254444
19135,51.30392531940206
19041,73.80974109499624
18017,35.49387967599344
20049,58.791723837771954
20057,141.27133422137072
18115,27.318177396094065
18119,19.26977712447267
18121,47.86952938354626
20091,10.206166601573605
20097,108.78744294773249
20101,180.4172388178243
19049,14.731045795754849
18133,31.595334700525953
18157,3.435422544993962
18111,35.02170349535365
17021,27.97572582384696
19159,22.436373676454355
19165,41.221189444169255
20063,191.93669002539383
20073,58.78967466806501
20077,54.49851665241905
20085,65.57729748265193
19169,9.628796995629692
19189,77.33820413243257
20001,80.29829371009207
20009,95.65254420076566
20015,25.00247822374207
20025,141.5547722777687
20029,102.61077419633038
20043,53.81182081536772
40045,128.44765969129693
48309,2.390984101127442
48337,66.22890504906181
48355,14.938968545416092
51720,32.46949802482214
51740,6.720776443578619
18143,29.67961053722963
18171,27.76504330003841
18177,47.7943453091909
19097,24.35347821141723
19141,55.66366267505889
19055,33.012660048710636
19073,38.3871879989709
19079,25.17221105192171
40041,43.11648939929972
46111,73.20633742163386
51810,7.779262101426613
20087,41.11224340208624
20089,106.43567428660756
46109,86.49126155308547
46121,198.2469129314805
53051,59.55531136528625
53059,41.48753717019979
54011,32.748876560381355
23011,3.141552122876759
24019,20.87629213656126
38103,143.8815488505656
30101,81.79109049593514
31003,90.39150360824009
48275,144.7169289129119
31029,160.12095212763856
24025,17.20869533127666
24035,19.85430270916695
25009,8.115710972607195
26015,26.18026402848373
38045,88.08194097350705
38051,137.21568362118552
38095,169.47876512352272
38101,240.9933261236291
25003,6.552340389674984
25011,27.70972299627815
25021,10.355546675540564
26159,19.472848664030423
26165,27.24839000570624
40151,106.94046735758889
42073,41.56397547896329
42083,59.083957156859576
48441,144.65148895287265
48451,163.72548653349853
55123,75.24603375760397
47115,63.02619963101875
47125,39.98184365505697
51153,4.171216339569869
46015,114.89160854493662
46035,68.06334286495168
46039,86.25471020329967
46049,158.06156397543708
51075,20.670823017490765
45001,40.45127847304598
48045,214.741947995073
51181,24.521413958975028
29005,42.49516219371908
29009,43.87752173964466
39159,24.941188371821333
31171,218.0759721972222
48145,24.197753952987988
36057,8.931681677631456
36067,4.182997339585818
39105,53.638931687371496
27153,100.92748981579466
27157,21.426252240287624
28013,89.71962112176418
26023,37.55010242948787
37001,21.736952400960803
55077,48.22471187764896
29203,119.81785700440548
29133,119.86842980309132
29149,131.62537973055342
31031,228.33126342910415
31035,75.17003737624663
31037,57.05979129815315
38027,115.12340495055226
13205,52.97996567874688
13315,96.56958295306129
16033,96.59142927514748
17043,2.818169368082103
47101,57.464351540257795
48385,77.66658214301494
48399,142.7652114311352
55085,110.87831358839286
40131,24.437120067951614
48093,77.34537966911721
36019,11.39341425005375
31051,26.499225936298707
41025,136.2731696175963
47087,48.916126294037426
28023,89.45735951788521
48485,109.19912465880132
48489,20.89355694919652
50025,22.278723974470957
21075,104.9599659736794
21083,110.19512213165002
26027,14.55455769111695
30067,11.980311285692563
30095,40.94146552194626
36073,17.45012368930723
48049,89.24720235108462
48069,223.5194071985452
13273,58.56684394577504
45081,39.05950308059014
46005,96.10744337272068
46011,59.02665202614809
29021,38.5451233973692
29035,123.24650080985396
26037,15.09626691127466
26051,41.82778468900946
40001,34.295273862119735
40005,100.02165980471442
40033,81.05881303986321
08053,50.68809554603598
12031,4.9525475257800995
12119,34.11570933599962
13073,10.402342071214806
55105,28.902716535520007
55119,119.79321387714091
41011,62.0292566771416
51079,14.97681951866649
32013,157.7234596986378
27095,59.96873708735433
27101,62.894799435784755
27109,4.369087644716391
27125,75.98942412396809
54049,65.5894002368447
54073,74.17167594390183
55067,73.63110307169342
55073,77.51619388863351
17137,28.121427402598247
42121,65.36018966339172
44001,9.179781028405785
48107,230.16547872802727
39099,37.84549046999131
39103,18.17667392926034
32009,135.18001360292018
41027,37.74705376929009
41049,58.85238487423823
48507,83.57329361879216
49009,123.74001984211922
49021,152.70471433768992
56041,77.6017943733925
51011,51.52782313955687
51025,56.97178649140773
21045,52.303938093152816
21113,9.933729630269715
21141,48.52440353233712
41059,37.607003215807445
40017,20.191858975265397
56045,226.91350363348133
23019,40.0675028840557
51043,36.749772091399365
48251,19.318594760968335
51135,41.324431126576144
22095,20.734241453621895
22125,33.57787224282388
26061,65.80742794919584
48231,41.8044155142949
48279,232.4715176327322
04003,71.00951368968155
29081,51.668789139393944
31023,40.93407182282129
37189,38.367801416229256
38007,257.7347797740854
51630,32.14516471989357
42013,66.55901880577898
42117,27.89431039484151
26065,11.616808430585108
29167,109.29599510031233
19191,60.29609741663459
29085,88.34199839178423
40035,59.152637823865035
49027,129.10328292364505
50009,52.6359634671946
47139,66.05100073269675
47153,81.33907965972035
48497,34.59765376230229
13223,19.920389300869935
55127,39.58788954226248
56001,81.29936087057877
56005,180.5950153698773
21201,43.476090899609446
20023,164.57471249799303
47169,25.37089546002897
50019,45.529392316563104
48413,151.07483898318898
46059,130.6389545997825
46063,242.1786326910116
46077,68.1726621607276
46087,30.227608547734565
46089,139.49300255067837
56015,111.23857734329373
47177,53.358871824267986
48017,208.9157944261231
48131,67.64568339329341
48143,54.80254514005121
42011,5.668526734993664
42019,31.011945472312764
42105,42.29436469975749
42115,22.484062633578805
51049,37.68352340405975
26017,16.944238134752
51685,1.9031763657581753
48163,53.87786906253552
48165,234.65915222012023
48179,180.06078365557423
28047,58.99138111635347
48285,76.31244475694096
48303,259.3267242902132
51540,2.487022103545856
51570,19.13964861332426
51610,0.26079110240921904
02060,228.5420105746892
02068,105.46571003613042
02188,370.7261780814094
02230,90.7540153738772
02275,167.60586824129496
30019,246.5427213780305
39025,19.877291830698876
39053,48.3970445739042
39067,55.630862493995885
31153,10.870195306347616
02013,496.7698315292024
40093,73.95042684395781
40103,62.734567514012994
40053,67.04888556660643
31081,72.21875875265802
31109,2.622660243102804
31119,75.04314841698802
01057,36.58002758321892
01111,60.63541677515013
05021,87.29103649673104
05023,58.44868669357016
05037,43.75474479876163
27071,127.87128324112592
19197,49.30968106005857
20013,69.79894152247472
40107,50.555890752777344
31053,36.97004221647091
31123,126.72959089030624
21041,44.46225354099444
39135,27.23702561962134
39119,43.97453391421992
05051,44.47762882060393
31095,47.620729911508
29173,58.5842254693757
40021,51.46347839755746
36079,6.389852772332032
36097,0.9146303189287128
29011,96.28767487901862
39127,30.478701119111285
20045,35.21777386915711
20051,137.8105401800143
20055,188.90304747622747
29177,38.11895514865478
28153,74.10465582294239
28159,84.42268962518972
28161,78.16245245744635
20173,8.2925846605108
20177,60.542649940418364
20185,80.38863823708508
29017,88.16943799401838
29047,17.52232941333595
20059,42.88879667040136
39163,47.3238417266905
29105,90.84740196006518
29109,69.97163870693967
31137,146.09641104835103
33003,27.871243729875506
39009,54.944597366187466
19181,13.422561756016462
19185,56.16580777570942
19187,39.09544148524744
21207,76.10439001802425
38065,215.83032839387457
06111,16.647362364586353
08009,164.76308236836323
08011,115.628574956507
08017,121.11391497934196
29125,59.35583476350227
31133,48.384029583631715
20175,197.74092236765935
22023,58.40842489424933
22041,88.76756690475058
22051,8.66654087456733
22075,44.38259134484313
39171,48.04425071083324
20017,56.88507552906235
20183,131.06690859744694
20189,222.73617568689687
20037,98.6333598037529
20027,100.75383445216896
20031,75.9601847727191
29223,105.74518951156668
29510,0.33051412255626217
21021,32.54477378366955
36107,14.129721903365915
20159,66.28749073468545
20169,77.4272991349135
21137,38.87143192262056
39147,43.0121551743036
39153,1.4290708776014154
40037,29.83835973443562
34037,6.452236814694313
32023,144.33157325462673
32510,22.238357392779424
40039,77.88589568604928
40043,83.74225257048512
39131,59.030457047769616
29077,89.65811036213347
28115,80.24458303106378
28129,44.92864093446085
31177,18.904236708295567
20125,74.7919408396804
20209,7.071982136612423
21001,75.0135372942125
21077,31.58671138528028
23021,57.25980909306959
24009,25.557207901136767
06103,22.696667240536744
40009,117.61069132049796
40019,66.74921109238282
31041,166.35396968467214
38089,278.1299125640382
26131,91.70610237458963
38061,276.06018022272383
29001,86.08689413642126
51790,31.44585379277511
40069,76.97224804129809
46097,53.283272801141486
21171,58.29607200632015
26075,0.7764538801152789
26079,25.327546029082256
26095,81.29133856633277
26133,53.26124736771107
26143,56.63241994492056
39007,44.05944394202381
36121,20.659567610977593
37121,35.764194856699916
37141,21.79863719355
39073,31.843480532902127
39077,54.33604333484448
46099,11.030734827059174
54015,29.07301741033046
26119,47.28064978164248
21103,36.93978710848918
36033,17.63857000425756
36051,27.52870242655013
31055,5.145308976533717
40047,58.747371939480686
13047,74.19234530961505
20131,75.1560886924943
20141,138.91119060163808
31047,166.142186999392
47039,82.79936613100939
55025,0.8778725662202524
39129,22.491866561187344
39019,38.53394026647844
35003,128.59524373902002
35021,121.017555603553
35037,141.3520815268249
20193,200.45731195709124
21013,52.579952982617385
39097,23.503034232310704
28067,76.88060947715316
21173,33.163900957353846
29119,37.46386327502729
31161,187.61912836980676
55039,37.24160760693413
55059,16.472094148633815
39151,17.048927609718735
40031,67.7041529060326
28071,59.6288568207469
28085,57.624746963118234
39083,35.08651759175147
39091,30.079662994505107
29061,67.68576814698906
29067,106.20517725376916
40121,82.67065698090397
40127,120.97397517763164
46125,22.20668797362192
21199,62.41824990592909
26149,25.66571665645933
39157,40.65743865091144
26153,62.267012560257506
26155,20.78409105326567
27081,67.58818057520537
39117,30.49502332410054
27033,88.18263987332968
27043,77.3599266621028
39143,29.638222792922644
46107,189.3236232949168
48365,40.0272181116039
53013,26.268951454817703
39165,16.824540448784507
39133,16.36945993024138
39013,59.71857343518993
31065,176.29981820975107
31071,141.07926482106797
31089,124.00088180024257
39107,30.684113233173456
39121,70.43353999447778
21227,57.21370014712628
53029,18.768839503791103
53035,1.7445682452424371
53041,28.952455819494304
51830,20.132488417571967
55015,18.34056460946088
55021,23.72020368914973
39017,14.35627456099749
35047,65.61713526586871
35057,51.753179271599926
33013,9.867739455702406
39155,38.93234654994331
28133,90.5761367390238
22003,87.47537098830158
22021,98.04599774373698
18059,15.7155397517746
20021,83.00047199118762
27141,31.8706988073032
27147,37.14511377307437
27151,114.5192739328371
35061,25.785649469177663
21213,39.79895125387394
13235,88.72509171928036
13249,41.1519100281831
20147,157.32271608000065
20151,78.42915885710434
20153,198.72768660625505
17019,2.6517800337346413
47131,92.49444081529865
13065,78.5737105838374
13161,91.76329626723468
21111,6.916294020267701
19171,30.48300618019239
12099,16.056102173658402
12067,55.076319161637905
22121,9.77732592603393
01053,44.05434063308891
01067,69.95426702401578
21129,52.40797681770918
19077,38.22732953895119
19081,73.32329958771436
19089,47.3024051636189
13011,40.304215619569895
27131,34.73457195128387
27135,138.77340170415263
42079,7.571583390677198
45011,34.48484670217599
47181,73.27255985736413
48009,92.995357048086845
50003,12.131625481452414
19167,42.556565583811505
13207,49.41527353246654
18173,82.7875825000173
17179,15.290904151041138
13057,15.53378764553249
17057,36.523066306327024
13085,28.522668014031563
08115,129.0328425635422
13225,66.287537787617
05089,80.83094455324681
19173,27.257339727820742
48417,109.90707706529324
48421,231.85484607035633
48431,203.1497887904
48435,135.52087237543233
42047,80.71928613650874
13253,46.18919178859974
13277,80.82926329347016
48369,196.0251767468164
48381,234.49092334766755
17041,22.119378202605056
05113,105.87879840638858
26125,7.084664462742075
21169,75.21736309013056
48487,126.8678939970116
48493,24.21766379396346
42075,23.947112280090153
24510,0.868443331764562
25019,77.37337072941376
36095,6.689796697944653
19095,27.237149196081504
19099,30.47907290606405
13015,26.640126905380015
47075,44.77388505376749
17051,58.63158645168713
05055,73.63555356300107
08014,8.240239658225136
05065,96.86767884378456
05071,52.86705665484752
19101,46.53863513581358
19105,26.956072116803647
19109,86.41717081667532
12019,23.90343489592447
12049,34.996842773090464
19057,8.48066276299317
20061,95.21232984987616
42123,75.28264422767248
13095,74.15605962695024
27083,78.62580863629574
19161,63.931482927803955
13049,46.44897576947453
42119,47.32273257119916
13177,69.10458869898548
36099,24.198232680289458
33001,1.906104180384564
08099,147.71281520275627
45037,19.880918391133036
29055,73.13751254664056
26001,82.11070357577519
13167,63.22465238515717
27093,57.5241613786526
27099,28.338025282930364
21145,122.91434502828848
26039,48.70871853564588
26045,17.151655491577483
08041,17.721701859493628
19137,3.419573150956481
13043,61.87713525034503
18069,70.94824700869209
18073,32.270266849855545
37087,24.201728621740724
37155,29.01507456423016
38105,293.27530856859397
48139,21.25621849420371
48403,78.75194031575734
48481,45.83194827599952
41001,98.41989856746282
41045,69.3217235452078
42063,46.015062222120065
45053,26.294056251645294
18029,24.929219722505827
18131,43.9078835834937
18139,33.848921670742435
08047,16.89729780636738
08089,91.25705746497218
19047,58.23164857581179
40061,75.85763499405616
29137,41.04906759590891
31169,63.723054661750005
47161,62.52898655481217
17023,57.573833245901035
19043,39.194336390855
19053,37.271918945768014
20171,203.4501352231222
19133,35.63147036769965
26019,20.57548265858954
26035,56.65689624081743
20071,166.76905260545738
20123,125.05428383490072
42065,66.85987795888883
44003,6.6628935032801655
17061,47.12251119546256
18105,0.6415465783553006
18117,42.87049776511806
18137,40.4665838558139
05083,66.23003423168602
40081,38.95480635376543
19071,27.887670343528892
19023,23.62893227201448
19029,26.04129905932192
08103,53.70892904940841
08109,48.13058085545624
05031,58.59546050908722
26009,26.510637613899593
27117,44.550841146586514
27121,107.47544251509537
27041,91.10119824082317
19115,29.03238644783788
19125,29.2890258058204
13187,40.457180986183175
17009,57.49197275886991
08119,16.918133683384497
12001,1.27709379270475
09015,5.993428288357057
12027,22.635878265745596
05123,41.95907147985965
26011,41.76485249604954
18043,9.331510137125544
21215,27.773644953377456
21221,74.57572118943148
22059,103.9040056547416
22073,90.87066989652514
22083,92.96191883185112
22087,30.365005966657712
40071,59.83367438775737
09003,2.485518970556262
05141,57.88000452822284
26117,35.19643221312019
26121,33.5992672258122
49055,137.35036000993327
42081,53.64807425905039
19061,8.5645699894134
19067,41.78293242712152
19139,24.99732799313096
19143,60.277510557649194
19153,7.033831282720227
19157,51.29450627107789
26101,35.02357871732115
19005,63.127595013801894
19013,6.977785717293548
19019,30.462443253399353
20139,61.598346668520065
42069,19.118927836385737
40115,62.69984812367183
27045,31.464226569182433
27123,5.838577374391245
13099,68.84494235391901
16053,13.922603939100028
54061,56.11079278721239
42007,24.461152618703995
48353,174.1884222278585
48357,186.16359274396785
48367,19.866176233348707
54069,40.22938446415337
28037,72.21024148914483
28041,47.34444947164146
48221,28.603839465695096
48227,233.59187096845
38087,245.19260126072336
13089,3.948861265181
12061,23.989979079540753
13285,36.90090173037707
17085,27.8549586449038
17089,15.722410025480391
45039,27.01526542763605
13115,44.9398158293703
42021,63.902771881321144
18141,5.276215771882322
18149,33.69495675868243
13125,34.60690626020133
13255,24.801158064763843
13259,30.02423774528984
08081,72.63123698049195
27001,63.79033585212505
42037,30.73880068322144
17069,119.66594417669552
17151,112.78068603631566
26077,4.319415309418308
42107,29.738880915855766
17071,9.56121736330697
30037,50.50040290070281
30051,74.19692308705962
27005,52.81556482546144
38023,312.6129479916877
51173,41.66638492661686
01077,58.66367166224434
01083,19.930733205304357
13067,3.228378709289757
13081,80.37765534488
37097,37.5973865670627
37169,20.792908279638656
51510,0.8449254217319233
51013,3.1786573754100647
13165,47.29013726502314
26073,45.307561064477234
18005,34.34640029105921
18015,18.739614633908616
16071,101.91998012126332
17167,3.779089883046395
18163,96.91619892607788
18165,44.58263417670589
18169,62.49161574313665
54055,61.16632073006166
13299,71.72830874576864
26093,23.464106568282965
17203,20.616801979968255
08085,49.95470756679241
12021,28.114827570343884
12051,42.26895087159807
17147,19.087291903216972
48097,57.812539074920096
48113,3.580930615687794
13307,39.411963111048784
17141,19.20146368806372
17157,38.75176018312119
47109,74.65955659396555
47113,66.62983313707193
48445,260.5251126223261
48483,149.49916086928957
53039,51.25911453760469
54035,32.50569532934605
48127,102.93596742886326
27133,29.917624229597234
54101,63.931961997623
55005,72.84501432312683
17165,97.84442357482529
18001,43.54858178653947
01125,4.829329419817393
04017,77.63298636594776
56019,154.36258571047955
55089,23.325976591424222
39001,58.5247086604371
28091,78.85390737861388
51045,16.285590528276828
51580,32.24831121550058
51600,0.6333068525285387
17081,61.01824313761605
13035,33.040923549531335
27019,24.94331156544835
27029,82.0273657133551
39169,23.424462128624818
42001,26.77615312172628
28095,71.74222772936575
47133,69.6851970694452
49041,133.82001536759736
26043,44.028883136795216
26057,33.67196747614278
26067,29.608660286311228
36069,2.544194237876134
28105,79.25347231283395
31039,44.87930221121388
13193,54.50231458555419
16001,11.39321962239316
26087,26.873691151845858
26091,29.244788521616258
21127,62.83431406471234
13293,46.54543600705465
17133,24.573075747314
47043,31.102768793513164
54097,83.0410384285678
45023,33.82874538994506
50007,1.46106650488354
31113,207.34538611413888
42009,47.812605143488405
18079,50.07913669991041
17181,87.3856573025821
17191,85.18968101354535
17195,33.233504849584385
42053,80.97226720613342
48149,55.04251069441135
48155,156.15344445969305
48183,63.23956354761177
50011,29.020830730351904
26005,25.119394823003937
18093,22.338871198427732
05047,43.68298260631028
13055,59.14626800710932
05137,77.93442491873607
08061,118.11656026205743
08075,87.937103986514
48189,259.0830169254074
40007,180.10933945023888
13321,78.81469307870748
17109,33.450377941386634
17113,5.550835755121362
26025,29.08072915793366
13101,78.78260005109307
17099,2.290207099748194
17103,36.42490992922633
17105,34.55364048363936
51197,65.1475488643567
37179,20.82665792100591
17123,22.820528874254453
13109,46.76124315142314
48397,20.03035961556949
18155,35.08974389158307
37025,19.233516620578055
37035,37.905963786675855
13211,40.056815134643735
40105,49.75518800119958
40111,32.515586703894215
26031,23.60919100062471
54089,52.50871030255382
51115,27.138508025792525
51169,22.883978913180833
17083,28.921229451275657
39071,43.9021507850191
39079,61.33363062219316
48267,96.94498630081394
28117,85.83124229111576
28125,52.81784125696153
29135,26.262671374949985
48271,110.98774664812154
51650,3.7429421769096662
37143,46.09483982955499
29221,57.68118511179809
39069,35.01852515140391
29075,57.55915489542623
29079,77.00618071553083
29165,19.645484385207872
17111,30.822191339503966
30107,65.63003227374176
46047,200.78745623112772
37191,47.87882661137129
38001,279.1335875652262
29225,105.78238070111252
36085,2.0486211830380467
28059,30.623506710736898
29093,79.85023582169889
56037,133.78213927647545
54079,17.559833939222106
39089,19.624548164793502
45085,36.31716909441126
46007,245.609441971197
18089,3.958333633255051
18107,25.3799537539441
18161,36.64938865157997
19021,63.60718222377412
36117,22.53016773887401
48177,55.12061776691654
48191,186.6810582902917
48219,249.89985987699689
12005,77.82189523778156
48257,32.832429570989504
31021,41.422982723152536
36011,23.115072434914392
31141,72.17430188785424
31145,205.38961909454
31149,153.74965628594762
48247,64.91970466900534
48021,27.181795581386208
29111,59.13830366537257
53001,60.63592976541033
53063,3.7587153767526442
40153,110.3869034817652
17139,24.901865209507648
55091,44.86595736843217
37033,34.234259036394484
37185,48.95352655013275
37187,73.59358361158338
33005,1.83378642635433
35001,2.7513579347606356
28107,53.48954105696855
36027,10.613924307221373
17193,104.12174270834782
18047,35.61940053420639
02185,346.23152230480935
05111,46.85854154176023
38015,174.38218704959698
29025,50.9034131784684
29091,132.30929723096403
20191,32.38210643371423
21039,127.5909184191256
48197,143.60294901185586
31067,34.15860392378009
31077,112.3230858282835
46065,170.09478128834613
54051,53.15002062312749
31097,32.370251470700985
20145,110.47787991806652
26123,41.414204212269965
31127,49.361256803505555
37109,29.08856468938555
37197,21.55601279813953
31083,150.37036093241727
31093,102.54529705252544
55071,26.03607639931804
42113,35.70325037562491
48209,19.614776470628605
48233,210.85094743239105
48307,96.6876531211834
31173,24.295616966238413
31175,133.68228329565545
35006,78.14271634985984
35009,165.82768415580014
31131,28.256638290508786
31139,65.76550754512895
48123,67.07734491486428
48125,201.2187110287719
51680,42.52993543103443
51683,1.215094317711007
13005,86.17985705921615
13045,35.22601209611481
21163,31.104042010346515
21191,30.58839056272186
39051,29.71246500095062
30065,46.43133599332424
35013,6.218807750161032
55083,38.33119721587696
48077,83.91005194301846
48081,174.83080573159737
40099,55.075274209096854
13087,32.7647924641532
27155,77.7757603932807
27159,88.60951057214619
27169,35.084026514305876
36049,26.638524560428618
39059,67.41839207290947
05027,54.70007449770161
48087,154.72921603504028
48235,189.16834174770136
48243,156.25589283884753
48249,41.75929283543816
29181,114.26671559588684
31013,150.751749250241
48281,31.7752493400394
48291,38.798392420333904
41009,34.130518683782384
28065,56.65255384646679
28069,71.97698559139899
29107,45.330670258727125
13061,60.29884161466588
28039,32.39660109377469
37081,3.021432289969598
37119,2.623070360587812
37171,31.937402413430984
28005,53.32634303512392
28113,65.181756537974607
17025,81.38420728646759
55049,37.48045192800309
48253,140.4608636544667
51550,12.673462768032604
46129,185.04701715814815
51065,19.68288583299207
51520,3.698669498194503
28063,65.28792299851666
28127,32.721238890094604
17049,59.98672967949266
01007,27.997939876241265
30097,32.04710583829256
01019,63.82216731885529
28015,78.19801870543512
55031,26.018662956448058
01085,24.816710722167663
55101,20.829812756769588
28135,82.34313958793756
28145,67.86507392834137
55129,63.119347335914675
46051,114.43527318710368
41057,30.459534208108913
46045,154.0576128960637
20081,195.5277119804865
20093,200.79073159166893
46043,78.88838787841
29053,26.878464437014287
30103,64.30348915971499
35028,24.30547125067264
28019,88.23989121701135
37181,35.68891116474364
28073,87.13530691462205
46057,82.23209119082351
55135,28.985227033293835
28025,78.22760369387038
48085,22.73991973696149
48095,127.97669214270364
48111,192.95577239064195
48115,260.9314393124731
36021,7.591882422902028
30109,217.29973757611103
29131,51.66689524528803
28155,102.2063774873883
29039,93.344670801091
48047,57.49501673852006
48105,188.8442394558052
28031,60.65194975329142
28035,74.99425750845728
05125,17.34002547733831
21143,92.76206321095547
39081,40.0029315766636
37005,54.56064301881525
34039,3.702868748069697
29051,31.478451683352255
21219,51.211599743471325
22049,69.18580858693095
06049,109.26724304987673
06087,5.937072740669271
17033,66.75906605758874
40119,50.66407189812671
29147,49.238596935360945
29151,42.88327293350892
46091,86.47186195852755
35027,112.1533639055885
35053,74.42347843146976
39031,52.7239638329828
39033,51.587212160526605
21073,25.156914694401426
28099,68.22334767830523
28147,76.48068945633875
51750,33.10393022479267
40123,55.82653138094158
27059,32.53932690320457
37041,52.7157494442274
39037,39.82655034028747
26105,59.707199043892565
48439,3.3739415672564883
16055,25.27817749363694
39057,13.4070427811204
39065,24.088929332164327
29185,77.29684101554543
21047,63.59907097057892
21081,33.35157256303793
46103,263.6421700707301
37061,50.14383336532339
01045,73.20254154999786
31159,26.69127683636309
31165,149.01505310054475
31111,213.72891790968544
31115,164.0519968364556
56011,209.53623051057295
56017,117.0056093865916
56023,84.06925798966913
56027,174.1394004970722
12063,57.52424041642688
27055,55.25354840761976
01105,42.3575789013254
02122,33.785857975131634
25023,23.641691724109943
46061,50.39169096058175
47095,84.10685383941444
47099,53.44405727366855
56007,83.37368741006803
55093,41.20932887696279
55097,54.41145606859493
38039,79.23247305778266
46115,124.46491419537108
18049,44.6060106321937
18057,15.022028551965375
18077,40.39529467913746
18127,13.800685535823607
38029,169.4169110973514
38057,239.8362228211164
12101,15.746147685714847
47179,25.799280434223107
20163,158.0303542170868
39023,24.695686797320015
39139,51.70216245201274
30017,143.35067562772667
40129,117.0953278381198
40149,79.05796111064411
27085,47.952139874763326
31179,43.59922929174588
31183,118.40681857826286
32017,98.66219315026672
32021,96.70603437173278
32027,97.96125863889723
37003,50.7305455148955
35005,150.22324454921878
30021,197.8184706710774
49031,162.72914144372913
18019,15.537971760463291
38043,141.83808063619716
29083,59.18572435495335
39041,12.117813637930126
46037,111.47965964408668
47061,67.61769895838835
47069,50.444605547891975
47071,92.92455084453788
29097,75.85648200325299
32029,13.2572908782844
39027,25.935784253405327
21091,61.88467180868666
12081,16.56081040054106
41037,99.67658497010008
48121,30.09476989767741
48133,84.6142425321954
48269,172.5516693090733
48327,120.26081969826576
28101,62.031378014948885
29117,73.95018917325808
29121,61.33168387148234
46027,42.28970685643274
17055,71.18275136086564
16081,29.301177685978953
05079,65.71743710533893
20201,70.87380570817902
20205,84.53240590210015
48447,105.80119838761075
29139,46.55450414797011
47103,26.50837699461982
31121,77.80338525085978
31125,82.70923648020386
46135,45.79775067190972
05127,86.73757801869088
13199,39.63939451210151
21211,30.489183345312064
40091,52.937212275462464
19037,38.06339118363335
55141,80.50447782415456
30079,165.02461149940925
38019,152.46118123466465
38021,97.58424634467518
47027,60.355808030061915
47047,26.627935913304864
55027,37.13026076657459
21015,15.873087638381444
21087,68.56340704308427
20167,115.42639184834962
27035,96.17190580159829
18033,65.11949518366085
18039,19.85145449143059
36015,3.716415544291673
48305,254.44725650494095
13091,107.21243461189847
46033,230.109669278516
36109,1.981673923861183
40085,78.0716319549277
37071,20.40412618849421
21019,56.75440077480861
12011,15.009940405340457
13119,53.55014434540497
19149,19.13668439143813
47023,74.00152397241116
08007,45.79507465187677
38083,174.29059939625964
20127,77.3889455236458
20129,203.05630282059255
20133,101.13323149853645
17013,42.8846350751242
12015,12.889640767664297
27017,30.622097569063143
31163,125.58196465523206
29141,47.51481004683437
29145,55.66579632213851
46031,226.02288938736888
36039,17.69651501047444
47083,51.946049657544734
55133,20.20768291606089
21009,63.88734824487224
29205,59.42338161822976
29211,87.77514205210673
48331,39.60022229224428
48363,49.28256806542162
36041,44.68427863062341
36093,6.717158902803694
28077,54.202406015174674
22089,14.112072651627315
22093,33.98699376740727
20187,189.8675225083421
23009,10.275259430307749
27049,28.74982081108513
13129,42.81313772977745
29007,31.826094416452737
42015,25.517073268940702
46029,102.77251305888257
28097,86.27864037894031
38009,230.05659535312063
38011,240.04121524690535
29215,115.06324520599382
29219,49.94909225457017
18045,29.206591963086975
27065,58.989850490887704
21035,88.01372265786334
21053,85.01708485751168
28111,60.8852968676046
29045,43.31481380067565
29073,57.24046036353988
54077,69.42568571646034
35041,180.5894787070597
44005,16.531667492913893
37073,38.28935812557306
38013,297.52568983179594
19051,68.46071622031494
05035,16.921858650209014
51760,0.4928286525287246
53023,26.2526272510458
20003,60.56492063042026
20047,110.38626208530891
20119,170.9005807917819
20157,82.92551631051134
50015,25.318964982101615
40059,143.17508914617008
31063,197.1909140408389
41029,10.368645079877188
16011,84.0502523600049
38069,176.55474783772473
39005,40.943790931218494
17095,32.772172827872396
21157,98.6671588564048
40139,231.7424867731885
48137,108.39545423158994
48217,32.861490482491206
48299,55.868170638703965
18011,15.497262767032844
20121,27.272737511105365
31143,56.3129852109987
32005,39.59932054834975
31087,195.75602070536732
31117,207.65927528587287
42109,34.386784571488334
23005,15.157466043874226
17035,56.29388159422075
17039,20.878855002327228
20041,81.34254369613136
20137,184.35553611254585
42025,24.315899178057865
20179,204.5660111573676
26151,54.10090847017428
17079,74.15685759462826
51021,63.15756718144315
40109,7.6771591836739885
40083,28.263763411125037
40137,53.991848868089086
29123,79.87457291020125
29187,58.26429262385712
41041,30.31020179543413
17155,25.087348989531502
18023,20.182624815751144
18063,13.5769157689335
18145,23.122894723922165
26161,3.5010777629103043
38041,271.5468714005118
40063,70.4115519863117
35023,119.46177194616484
37157,24.82071263275631
37195,41.12285001597758
31181,105.18533097502112
37151,21.06439716137306
17101,71.09505401921939
12003,39.91725260843718
53003,36.20346738145729
19011,22.650999078881007
31007,94.17850647758688
40025,191.97500420259783
40147,41.318870962541325
41053,21.34265688262203
51840,40.42565038652694
13175,85.2681107733044
08123,20.162317222439356
27009,52.42935248535714
27057,89.81072102871973
26069,63.980185162189194
18135,56.41758352171443
31027,46.83254299397111
31043,12.569122312506178
55045,28.605484950942543
46025,103.45089274099672
17117,39.83369287993047
56009,166.72075209550948
42077,4.889479573736528
49053,117.01061855617684
18153,47.54640797728722
19123,51.65050985867754
21117,13.195545438486418
29186,50.020985227044015
31099,121.81862686370728
21105,116.52587841757752
13247,11.778324318265076
17077,65.01896023584302
18183,53.43017904584922
27007,115.12066507625214
19015,14.472998649242967
31045,178.83856535222696
29229,116.7745939529065
30041,95.05284236942802
31005,177.4234796728252
12043,46.83799996409112
39015,36.88540663990427
35025,192.69800960848096
38031,106.58983246489473
13147,44.20131430627477
05097,73.33288560526273
06105,39.86809956563338
08107,8.076376064265284
12103,3.348413294502272
13017,108.13151285854198
51183,43.93818397999045
13071,57.58732809823102
41063,64.61614534450398
39029,43.14128431735133
48027,14.765497253689562
19065,38.32372683083332
19093,43.21203634479449
13033,28.813068154873203
48375,229.81781508016007
48461,242.9610967351301
48495,201.79517377927507
19119,31.434018033055963
17087,98.98618697954215
51590,43.551408054668954
27079,39.75812773976901
42087,43.664351493588065
20007,82.08985398098308
20117,67.46444686926799
19121,24.05036270818813
19151,72.01263539772377
19179,62.16811198079916
27039,19.01706934466629
27063,83.684508654068
48415,200.8819202729355
27111,60.64131561280072
27165,89.03280643888262
19107,39.51161977421697
20207,85.33237578780759
21061,73.46453788399516
38079,193.2289307630707
48193,48.56239863562908
48433,164.68856259161265
48505,79.99082994668194
13297,20.96614232209972
15005,36.79573378166759
19033,57.51343540971615
17201,7.258793312615398
19059,83.85389379416686
19183,23.543051970823083
20075,176.6206452595214
01011,33.92876506225029
39113,9.162905572497138
18167,49.42491260947104
37067,2.5157270922350214
19063,105.0360343922586
27115,55.355213552464285
13231,34.31246143823025
26021,11.984609552408774
39141,41.820731425722016
51820,22.312456879508016
48059,115.39612067640458
55033,63.40103206636478
28045,48.769300191983234
27143,49.85204078684759
20039,212.005835257584
27105,54.019736922299664
19177,44.39037240290539
20011,74.83057320669894
55087,8.275274337287536
39063,29.3765234985691
39149,28.534708494388617
28079,47.795928854604746
29155,72.8824877659199
54053,34.866486187943686
27149,96.78681107397176
36023,24.818151310505627
01003,25.367115296006045
01109,41.77765803663976
04015,77.8778372635314
05091,54.72464625523706
55017,93.00000533114137
55019,104.47806565506733
38047,131.19586584781908
38049,202.97911149027135
47171,35.28388124399917
26059,26.06020206924341
28139,61.400225238291675
26029,10.193700806305118
26111,24.18741799339892
35059,149.3031002817905
39085,22.238196241263097
35031,97.72107615757848
41071,5.511839731584275
27025,35.645948211140016
12085,14.318354525223643
40029,79.43968651508949
28009,45.80942033469887
33011,14.126461049486396
36001,10.86350407307368
23029,20.50684157293081
50023,7.985756813593459
01127,34.58926617305942
02164,217.22617686436644
29059,95.87278524557034
29063,54.89014559192499
36007,13.193276014445676
28131,58.453858914360865
29049,35.58348439668067
48099,21.63466737367079
22027,46.155392285813925
24037,38.40305599037559
26047,11.493682208967646
29217,76.0469415526513
04019,54.214479015352175
56043,136.3059469728958
20005,46.32957559747253
46013,116.31891228779206
46017,125.9976949969268
31049,134.581373304048
55109,36.43198937805121
55137,42.33051998156029
56025,170.74421004080676
40049,35.87692648099137
51800,25.04800079792492
17045,38.86853987206576
50001,28.84275108951313
47007,74.80678151821758
26113,37.57614259341599
26129,60.667566323171734
36037,0.01175967807739784
50013,10.55696140182355
38073,50.59894209175114
46069,151.31052893413096
56021,54.72091000076779
31185,50.09812690616111
33019,19.683685571549745
19193,16.755878643436933
55115,37.678815941144286
51035,51.210973702653845
01031,67.59679111145496
01123,41.56931495619464
35049,10.545892076281598
47011,75.38141055325885
31107,79.45916459840936
21233,105.74827081291586
53069,36.69876391530914
55095,50.2516541831118
55125,107.2333628235579
41013,47.4730870067966
36005,1.1649107392166689
36055,4.119465836976811
48319,87.26707602662515
48359,189.9944973415564
48425,36.31376661568828
51670,19.548324256542475
54029,30.395504106821164
28119,63.01889000501178
55053,85.57781624296872
19039,30.632050968586267
12091,40.38839924629206
36035,6.974999302986317
39109,25.601071466899988
31085,193.6081331392546
31147,65.82677216988728
51530,45.67028836928893
28057,87.30584653176511
29037,24.78626881543933
47051,41.280671112480334
16017,53.38026581764076
20099,81.52334799499438
31017,175.065031622083
40015,49.228096925643385
19091,59.374111197342494
29209,56.94705582329965
28081,90.84613856885694
55047,46.040452515084134
55055,28.65291180928372
05087,23.26291667195295
08087,50.03574294665301
39093,31.375976249830114
46053,121.8489450671186
46102,230.36197624147073
48393,180.58529284183183
36089,8.46668987860718
38025,276.93073658734875
35035,61.41496154742077
06029,16.659126838284916
06071,69.36813099752159
08063,118.2794727688611
54009,32.277395818255094
31135,164.77899247478632
17001,57.15469405948782
51071,38.356244695737814
32019,44.29566214046907
48013,33.83202901568297
48023,117.89302560171868
48033,230.88928529411453
48071,36.91764474834053
55041,88.61029821400031
39045,12.643437051478845
05033,37.133041414372435
29163,67.84044982088841
36083,8.824132625090868
54105,47.614787887402976
48019,43.0608824282743
51770,1.325516438586673
51775,3.188421103559085
13275,33.840999949585324
31079,97.2269347386315
08045,28.838813440177315
02198,205.49919460308283
13227,29.364550758157517
48181,50.62933378368336
48195,215.36929499713173
48211,150.28654689592506
48295,157.11417471896075
51620,36.73389340164388
55103,56.13278657723438
55065,31.96503332803628
13281,67.5279469375095
47137,75.42607569590719
46083,16.844097197193012
31129,83.61460850224351
31157,112.11492075327536
48297,58.85039790384738
46081,251.07207572268905
31001,98.40453640545888
55078,48.84509392590217
51710,3.211665003276672
51735,7.886331031808456
29169,78.60903188359923
20103,22.472713989828403
51660,32.06417515441658
38063,97.75603878487313
38081,66.659303569994
31019,127.12246358014814
31011,98.6094395297627
31015,107.65373591972588
29175,34.26310169551748
30025,198.7770449326572
48101,177.4673868445393
48259,30.298191392868507
48463,71.66796880467655
19145,20.16568111468564
31101,169.74833248064309
55013,65.18700437896598
36003,19.48111405678994
29065,98.67799210281784
55009,3.4442583143323495
47017,93.22803294148372
51640,53.34765074048387
55061,19.53989185726715
20197,84.24661552432576
51700,4.740982130358241
55063,68.6220647072649
50021,3.8616973317258294
46019,250.6417597302408
48325,33.272501456385825
48329,260.1709926644041
48335,203.845077526814
51077,55.472359503144446
08025,69.11237955090346
55131,27.804633753179356
34017,0.9330448249604636
17037,28.846181195149576
29153,100.25303179781456
30011,192.5621614149974
31069,150.08855893093354
12017,31.46114733689165
20161,100.79792121075825
21059,80.41127884941608
39173,20.897819358518845
17093,15.163179661859484
17127,118.0046230602354
39087,51.10274749859015
35043,43.228221715809006
37045,40.83051462435903
55035,76.17534622442899
55099,113.06956045329392
31057,161.80888383836495
31075,186.9732722919568
31105,75.582071293635
28061,65.69311219631071
17119,15.703703962547118
21121,62.168203261670435
21177,75.310269130879945
54103,66.83687889220728
55107,101.83610706655776
48443,215.30866809619383
48491,17.95896621230708
51009,48.34467257658059
51047,32.186061354893205
39145,76.63554983125631
40003,86.79942918654125
46119,184.9775446407963
19031,22.02748838951752
20019,67.46380845829958
20079,24.941312417338484
20107,50.540233636838536
46101,35.67442474103063
55117,10.213186955471908
55139,19.10706823508548
05081,86.02259300942595
12083,5.240622999983258
13127,60.758561502723765
29115,75.1967018252807
51119,40.22498656541336
51139,37.11344953824233
51730,23.28448113692362
37129,2.929222558412015
37167,32.188054202025086
38077,42.99010938554992
45079,5.766852776980038
06017,40.48411515528965
12125,25.567943690477883
19085,29.321917106062507
47015,35.50165696155475
48159,91.1117171050022
32007,107.65854433680634
17163,9.419049719243151
30111,12.840865623517866
31025,19.894970351247952
22019,47.72061041856819
47141,57.13846348727933
47175,67.92772539559128
48039,31.901996708797736
48223,71.1873307789182
48321,61.93992370915649
48387,108.0194864492106
46137,261.4402592348644
47059,42.8843773816703
01099,74.96381550506636
42129,26.374100306193164
48003,228.3111986384608
48265,59.73967523893612
48293,36.91325856657497
48437,243.17291377953785
06067,8.718532932675195
17143,7.292086600966237
01079,41.72613468941604
19069,44.955775504046834
16067,47.07380520746242
42057,28.35792561752553
27037,17.154532907549076
05139,78.24818954083548
27051,74.89626780053003
48075,161.91099115862772
45031,63.75768946627828
17169,52.16050956677767
17171,43.45594953474979
54091,76.40536564199436
13173,80.57372973267393
48237,53.27681505545838
20035,38.86238654222331
13131,28.759389492833364
20155,46.05894959026644
12117,8.28064365358554
13013,17.952184665414435
45049,49.46876249158358
48063,79.86525123818222
16077,83.58166289069968
49015,115.43688828621224
02105,80.92202392864894
22039,77.35200396158001
51097,34.442136517773584
06007,12.406180669372157
13241,55.96551254369319
01025,71.44488352165398
08067,3.279711696482164
13263,28.392965320688944
21037,14.052699117521907
16047,33.41471501180407
48255,46.64271658823646
47111,37.9396669404882
48153,231.46187809021583
48169,224.64319932546513
17199,82.97266002642901
46021,173.89328307941472
28093,34.703649432603875
29089,23.19360811929251
36101,14.88288815900906
37063,1.5524962078822966
35029,60.22561962170346
29003,60.43216491296516
29015,69.04568597341415
51690,40.2648889039961
19129,16.480750349939377
21023,37.526272616560085
37135,9.840698028811744
38091,59.62625725084791
08095,125.70534929737596
48207,134.92404618822556
54075,70.38866753618218
25015,15.01314198463172
21115,73.9605607334775
39161,26.397270135104588
29043,78.24797816605674
13097,18.999046282986956
13155,97.35891921794776
38075,259.969547121903
38093,103.0444278192852
39003,2.294390348057812
39021,36.74800114996795
01081,24.102994823827828
26127,55.89503858019144
26145,9.593329331596262
49039,91.78054674127226
50005,27.020130474977694
51167,24.51529381172258
51595,57.90795007995274
51678,44.84310803564266
41069,77.71275661751662
42085,60.499478103652415
22061,61.15773732463509
28027,70.88733451244619
51061,17.92078838642005
55029,43.71960362883844
21095,58.331636686762785
47079,84.65805350620242
42125,21.666885544396568
06015,57.40804604008829
16003,85.96216140078756
21107,89.3110016854034
16049,99.64535848772962
36063,12.161080963004306
51117,53.54507399870843
13153,75.60352156075874
23001,4.866447830477177
21185,19.327041161762907
27047,49.92140494273069
28003,76.25748020641612
28123,37.6974268195858
42039,74.70848512647125
18025,37.55019081575448
21161,51.87675521913819
27003,13.532728116961874
31155,30.566290887053032
45075,41.42358022234976
48201,0.31680190806854486
39011,13.646419408747589
20115,47.328623180941825
20165,123.04304222683103
26107,49.77481176277048
40051,26.411101571966753
40077,93.1627427791704
18081,18.89266301622232
29103,72.4240133597717
29127,69.70233201673666
29161,80.26083945885779
39049,2.221850697260799
22007,37.44972124800025
05059,43.051504493663906
05143,11.017451582581051
40011,51.142640901629505
29179,96.23872462734158
40097,39.92193059920592
26049,2.003778070574137
21057,75.95653080337381
39111,75.45315064216724
46105,289.1664357232112
42093,43.45686709330626
08057,28.810994001672864
33009,32.102069504374946
39101,34.737870462080686
30063,11.7874625610258
36111,13.64498293702487
23017,10.693649721489738
45013,31.12710002062807
34011,27.118221687370383
48345,203.6019850609811
25027,7.636729860509187
47187,16.07979974110443
04025,64.18767279565066
08079,59.20081367080024
41067,15.26989733977152
18013,16.67418723792485
26081,7.419821312209111
26085,52.01233793470005
55081,86.13743373959915
21149,95.6552592830107
29071,47.28118890602306
29213,70.55128348240552
30091,273.89417039221183
19155,17.74766901389645
18087,41.15099126331495
18113,46.35386102154412
29101,46.62392422419405
18151,50.739338598108745
26157,28.225921501576575
29129,60.201358739717726
36087,3.2725936035540975
47067,52.69173474109547
47033,61.65710283434517
47159,31.802392668419348
48073,94.91537383143816
30047,34.33004279676549
31059,52.05708678391326
22013,40.29126582136241
22085,64.11108444387469
24013,16.717874506308565
26109,67.77156778714712
04027,95.85140759366298
13105,53.34504127647649
21223,33.44370638982545
31061,127.58000529106047
47077,91.0336556704692
48031,38.18177528751583
16057,23.24163148961507
37011,39.26014252947055
21225,121.29222739955635
48501,234.03364473278333
37077,23.05334424048547
13163,35.108045710253364
13221,54.50062202319494
24041,1.0926053978001922
26083,65.66653858154834
16005,92.50409519019004
49013,79.85662137644505
51001,39.612989612723005
51109,29.387601408789443
51163,46.32707951793822
53017,36.69628799994324
05075,87.00716775263861
05131,63.9220088264209
06065,11.16496003159424
01069,75.106705417112
01121,37.30112817439014
04012,103.9053557067582
13039,44.066782995364605
40087,13.69558673783034
27027,14.04749669619392
27113,89.3525571009792
29099,30.222491463493284
48117,195.502689040548
48147,60.97289616802973
17065,86.18086729879603
45033,51.59476032331692
31073,167.81110060868133
39075,38.57142468832953
48171,59.26552756308644
55079,3.3735790862491566
26139,16.97029604597863
